Language Pair,Finetuning Language Pair,Relative BLEU Change
af-en,mr-en,-0.640517696473
am-en,mr-en,-0.878711912561
ar-en,mr-en,-0.742724998947
az-en,mr-en,-0.711900551736
be-en,mr-en,-0.786468342481
bg-en,mr-en,-0.511710076375
bn-en,mr-en,-0.370448225649
bs-en,mr-en,-0.735705893376
ca-en,mr-en,-0.591357789315
ceb-en,mr-en,-0.772488817518
co-en,mr-en,-0.69255844064
cs-en,mr-en,-0.778019053599
cy-en,mr-en,-0.896107398325
da-en,mr-en,-0.609276976594
de-en,mr-en,-0.533716734287
el-en,mr-en,-0.57886635668
eo-en,mr-en,-0.639058594502
es-en,mr-en,-0.455946399945
et-en,mr-en,-0.845748788677
eu-en,mr-en,-0.81173011029
fa-en,mr-en,-0.656059240081
fi-en,mr-en,-0.839369518146
fr-en,mr-en,-0.520458019215
fy-en,mr-en,-0.831032953472
ga-en,mr-en,-0.872435980678
gd-en,mr-en,-0.874593528197
gl-en,mr-en,-0.491089382125
gu-en,mr-en,-0.304354583104
ha-en,mr-en,-0.811065391535
haw-en,mr-en,-0.789684311176
hi-en,mr-en,-0.0265597795269
hmn-en,mr-en,-0.688348064658
hr-en,mr-en,-0.740371563378
ht-en,mr-en,-0.825304338457
hu-en,mr-en,-0.837031626837
hy-en,mr-en,-0.761236880733
id-en,mr-en,-0.643693954697
ig-en,mr-en,-0.797839778314
is-en,mr-en,-0.808814505788
it-en,mr-en,-0.518076098228
iw-en,mr-en,-0.781136038896
ja-en,mr-en,-0.47768952319
jw-en,mr-en,-0.810667636261
ka-en,mr-en,-0.738610841986
kk-en,mr-en,-0.77206445486
km-en,mr-en,-0.748335361647
kn-en,mr-en,-0.619715438788
ko-en,mr-en,-0.477247367866
ku-en,mr-en,-0.833706644511
ky-en,mr-en,-0.845949479099
lb-en,mr-en,-0.750212124253
lo-en,mr-en,-0.75526659022
lt-en,mr-en,-0.838309405984
lv-en,mr-en,-0.859343813392
mg-en,mr-en,-0.795826546713
mi-en,mr-en,-0.759236225211
mk-en,mr-en,-0.579127638591
ml-en,mr-en,-0.687475874155
mn-en,mr-en,-0.785745398971
mr-en,mr-en,-0.006168424295
ms-en,mr-en,-0.642490200124
mt-en,mr-en,-0.862495576963
my-en,mr-en,-0.703409808842
ne-en,mr-en,-0.445262133332
nl-en,mr-en,-0.560866362898
no-en,mr-en,-0.592632607512
ny-en,mr-en,-0.76485908482
pa-en,mr-en,-0.263436741306
pl-en,mr-en,-0.826549326274
ps-en,mr-en,-0.825563592915
pt-en,mr-en,-0.493537171593
ro-en,mr-en,-0.583739356984
ru-en,mr-en,-0.479772659633
sd-en,mr-en,-0.852742370583
si-en,mr-en,-0.673072972125
sk-en,mr-en,-0.791804301356
sl-en,mr-en,-0.770958937903
sm-en,mr-en,-0.822466894657
sn-en,mr-en,-0.848683791445
so-en,mr-en,-0.801447474322
sq-en,mr-en,-0.78504602279
sr-en,mr-en,-0.756231471783
st-en,mr-en,-0.829776802009
su-en,mr-en,-0.798575407834
sv-en,mr-en,-0.606608779751
sw-en,mr-en,-0.832301521576
ta-en,mr-en,-0.81601446076
te-en,mr-en,-0.690025349831
tg-en,mr-en,-0.849653309879
th-en,mr-en,-0.73134734628
tl-en,mr-en,-0.799397029095
tr-en,mr-en,-0.752648632962
uk-en,mr-en,-0.628452781938
ur-en,mr-en,-0.37446768791
uz-en,mr-en,-0.787549923081
vi-en,mr-en,-0.634615279922
xh-en,mr-en,-0.924793267133
yi-en,mr-en,-0.588821972705
yo-en,mr-en,-0.820012334986
zh-en,mr-en,-0.356011507784
zu-en,mr-en,-0.894249185147
af-en,km-en,-0.558098623786
am-en,km-en,-0.926753128769
ar-en,km-en,-0.766280898635
az-en,km-en,-0.784103070929
be-en,km-en,-0.819886608682
bg-en,km-en,-0.525522660661
bn-en,km-en,-0.925402516209
bs-en,km-en,-0.681143573306
ca-en,km-en,-0.464647570561
ceb-en,km-en,-0.665937270367
co-en,km-en,-0.628710309358
cs-en,km-en,-0.72027470669
cy-en,km-en,-0.82141619967
da-en,km-en,-0.49710544677
de-en,km-en,-0.471358169
el-en,km-en,-0.587790406315
eo-en,km-en,-0.672828017114
es-en,km-en,-0.378745782099
et-en,km-en,-0.854239994061
eu-en,km-en,-0.829921416769
fa-en,km-en,-0.721915749982
fi-en,km-en,-0.854485331619
fr-en,km-en,-0.372790360126
fy-en,km-en,-0.797983018031
ga-en,km-en,-0.802709707916
gd-en,km-en,-0.833478436175
gl-en,km-en,-0.398521475486
gu-en,km-en,-0.953276910446
ha-en,km-en,-0.793602319912
haw-en,km-en,-0.774704319466
hi-en,km-en,-0.868950050364
hmn-en,km-en,-0.625940641882
hr-en,km-en,-0.689676896897
ht-en,km-en,-0.736369889307
hu-en,km-en,-0.818136093844
hy-en,km-en,-0.790815583963
id-en,km-en,-0.607995835496
ig-en,km-en,-0.733935956325
is-en,km-en,-0.698449801484
it-en,km-en,-0.441832646522
iw-en,km-en,-0.753491521842
ja-en,km-en,-0.857166752012
jw-en,km-en,-0.807135961228
ka-en,km-en,-0.800601806005
kk-en,km-en,-0.855200407758
km-en,km-en,0.0141534242555
kn-en,km-en,-0.955118536029
ko-en,km-en,-0.804933533971
ku-en,km-en,-0.844044607049
ky-en,km-en,-0.881778143983
lb-en,km-en,-0.661009001723
lo-en,km-en,-0.426737348714
lt-en,km-en,-0.763894381011
lv-en,km-en,-0.779656263341
mg-en,km-en,-0.825710396067
mi-en,km-en,-0.726703475186
mk-en,km-en,-0.560616709254
ml-en,km-en,-0.953249778704
mn-en,km-en,-0.862412429396
mr-en,km-en,-0.941215322206
ms-en,km-en,-0.608572043053
mt-en,km-en,-0.784167749695
my-en,km-en,-0.758776642455
ne-en,km-en,-0.918234258868
nl-en,km-en,-0.466024208499
no-en,km-en,-0.486925073796
ny-en,km-en,-0.752468446566
pa-en,km-en,-0.926680982162
pl-en,km-en,-0.763467260346
ps-en,km-en,-0.870188978021
pt-en,km-en,-0.397219546803
ro-en,km-en,-0.505343516531
ru-en,km-en,-0.563715786139
sd-en,km-en,-0.941465793308
si-en,km-en,-0.934931884824
sk-en,km-en,-0.729569131151
sl-en,km-en,-0.727359119157
sm-en,km-en,-0.77725721382
sn-en,km-en,-0.878617560366
so-en,km-en,-0.825119383145
sq-en,km-en,-0.742202691719
sr-en,km-en,-0.799276291856
st-en,km-en,-0.805712027778
su-en,km-en,-0.790419592899
sv-en,km-en,-0.482962747057
sw-en,km-en,-0.796113539774
ta-en,km-en,-0.950887440212
te-en,km-en,-0.936998510098
tg-en,km-en,-0.832806762505
th-en,km-en,-0.326444580614
tl-en,km-en,-0.711538380809
tr-en,km-en,-0.829342340939
uk-en,km-en,-0.711692737246
ur-en,km-en,-0.896621594068
uz-en,km-en,-0.843259244124
vi-en,km-en,-0.553060443341
xh-en,km-en,-0.886592504257
yi-en,km-en,-0.695634811233
yo-en,km-en,-0.779630511927
zh-en,km-en,-0.502417673374
zu-en,km-en,-0.861091922549
af-en,ig-en,-0.708604732408
am-en,ig-en,-0.949870836765
ar-en,ig-en,-0.907232667785
az-en,ig-en,-0.818105972223
be-en,ig-en,-0.904528991141
bg-en,ig-en,-0.747571830203
bn-en,ig-en,-0.936409700511
bs-en,ig-en,-0.903978834626
ca-en,ig-en,-0.614347066571
ceb-en,ig-en,-0.787596404124
co-en,ig-en,-0.780699470067
cs-en,ig-en,-0.903030016462
cy-en,ig-en,-0.911440003647
da-en,ig-en,-0.830948428614
de-en,ig-en,-0.598841668342
el-en,ig-en,-0.762558976501
eo-en,ig-en,-0.859747681859
es-en,ig-en,-0.502767993695
et-en,ig-en,-0.896758218396
eu-en,ig-en,-0.873037107603
fa-en,ig-en,-0.756479150864
fi-en,ig-en,-0.896210557374
fr-en,ig-en,-0.564393027707
fy-en,ig-en,-0.876073009167
ga-en,ig-en,-0.890922113426
gd-en,ig-en,-0.897513566242
gl-en,ig-en,-0.546363768145
gu-en,ig-en,-0.935687852003
ha-en,ig-en,-0.837445104375
haw-en,ig-en,-0.730287076707
hi-en,ig-en,-0.884350425615
hmn-en,ig-en,-0.757957819479
hr-en,ig-en,-0.906870349098
ht-en,ig-en,-0.89286137165
hu-en,ig-en,-0.861614706608
hy-en,ig-en,-0.887582770832
id-en,ig-en,-0.752027009385
ig-en,ig-en,-0.0502862798486
is-en,ig-en,-0.840958732772
it-en,ig-en,-0.585353138701
iw-en,ig-en,-0.933241329306
ja-en,ig-en,-0.790985964646
jw-en,ig-en,-0.844818333738
ka-en,ig-en,-0.886363158632
kk-en,ig-en,-0.841689331887
km-en,ig-en,-0.835574257272
kn-en,ig-en,-0.948298274884
ko-en,ig-en,-0.787818235587
ku-en,ig-en,-0.834592368244
ky-en,ig-en,-0.856764711739
lb-en,ig-en,-0.820371530015
lo-en,ig-en,-0.770611229233
lt-en,ig-en,-0.899694223382
lv-en,ig-en,-0.883153878819
mg-en,ig-en,-0.793396524775
mi-en,ig-en,-0.737638914809
mk-en,ig-en,-0.774779576783
ml-en,ig-en,-0.970282953433
mn-en,ig-en,-0.851003894427
mr-en,ig-en,-0.954479997816
ms-en,ig-en,-0.738989621479
mt-en,ig-en,-0.895849334424
my-en,ig-en,-0.866247353511
ne-en,ig-en,-0.919960220608
nl-en,ig-en,-0.655538630613
no-en,ig-en,-0.802715272815
ny-en,ig-en,-0.759699160285
pa-en,ig-en,-0.937915688336
pl-en,ig-en,-0.908182409766
ps-en,ig-en,-0.925521980721
pt-en,ig-en,-0.546593786875
ro-en,ig-en,-0.668461036494
ru-en,ig-en,-0.779502192213
sd-en,ig-en,-0.943292014621
si-en,ig-en,-0.966119192965
sk-en,ig-en,-0.903631456533
sl-en,ig-en,-0.897711528316
sm-en,ig-en,-0.810869207097
sn-en,ig-en,-0.837348186073
so-en,ig-en,-0.864740146441
sq-en,ig-en,-0.837096214288
sr-en,ig-en,-0.901602670678
st-en,ig-en,-0.847574408301
su-en,ig-en,-0.811592890584
sv-en,ig-en,-0.626145253126
sw-en,ig-en,-0.841799047237
ta-en,ig-en,-0.957711888719
te-en,ig-en,-0.934456288944
tg-en,ig-en,-0.837909782059
th-en,ig-en,-0.749535511651
tl-en,ig-en,-0.855110752424
tr-en,ig-en,-0.867575455598
uk-en,ig-en,-0.891568840417
ur-en,ig-en,-0.90354207427
uz-en,ig-en,-0.889007115579
vi-en,ig-en,-0.712149361097
xh-en,ig-en,-0.907061344729
yi-en,ig-en,-0.814055747674
yo-en,ig-en,-0.801844629226
zh-en,ig-en,-0.663551235574
zu-en,ig-en,-0.879885933878
af-en,uk-en,-0.306870695281
am-en,uk-en,-0.830920017678
ar-en,uk-en,-0.786825944888
az-en,uk-en,-0.642047191239
be-en,uk-en,-0.373028998419
bg-en,uk-en,-0.44454269136
bn-en,uk-en,-0.734992907788
bs-en,uk-en,-0.249225051107
ca-en,uk-en,-0.294862588298
ceb-en,uk-en,-0.497000896089
co-en,uk-en,-0.507481443605
cs-en,uk-en,-0.202210185263
cy-en,uk-en,-0.567945831575
da-en,uk-en,-0.21599579692
de-en,uk-en,-0.270342056723
el-en,uk-en,-0.284943605594
eo-en,uk-en,-0.268336940816
es-en,uk-en,-0.203544288543
et-en,uk-en,-0.618997278699
eu-en,uk-en,-0.604756663265
fa-en,uk-en,-0.577247166622
fi-en,uk-en,-0.517529412813
fr-en,uk-en,-0.216622305918
fy-en,uk-en,-0.625474524291
ga-en,uk-en,-0.604434681937
gd-en,uk-en,-0.695155875297
gl-en,uk-en,-0.18076474362
gu-en,uk-en,-0.643794379246
ha-en,uk-en,-0.66979652559
haw-en,uk-en,-0.694408267687
hi-en,uk-en,-0.517467975472
hmn-en,uk-en,-0.46495455161
hr-en,uk-en,-0.257266581759
ht-en,uk-en,-0.422422112242
hu-en,uk-en,-0.408606894814
hy-en,uk-en,-0.562149208564
id-en,uk-en,-0.380220018884
ig-en,uk-en,-0.592887599603
is-en,uk-en,-0.470507831464
it-en,uk-en,-0.286577532934
iw-en,uk-en,-0.687748310081
ja-en,uk-en,-0.553906038239
jw-en,uk-en,-0.697581847419
ka-en,uk-en,-0.535503196489
kk-en,uk-en,-0.80019593925
km-en,uk-en,-0.497139961097
kn-en,uk-en,-0.776828964714
ko-en,uk-en,-0.523799644309
ku-en,uk-en,-0.760537094623
ky-en,uk-en,-0.826515337767
lb-en,uk-en,-0.53576193803
lo-en,uk-en,-0.497970620404
lt-en,uk-en,-0.516227362741
lv-en,uk-en,-0.470071368187
mg-en,uk-en,-0.629730682942
mi-en,uk-en,-0.571439567583
mk-en,uk-en,-0.484914900711
ml-en,uk-en,-0.875680626391
mn-en,uk-en,-0.78288108963
mr-en,uk-en,-0.779727119033
ms-en,uk-en,-0.389470316195
mt-en,uk-en,-0.458342119353
my-en,uk-en,-0.727782885934
ne-en,uk-en,-0.800964558441
nl-en,uk-en,-0.231266346388
no-en,uk-en,-0.218261471838
ny-en,uk-en,-0.568202817366
pa-en,uk-en,-0.700407305057
pl-en,uk-en,-0.211115175135
ps-en,uk-en,-0.872141127694
pt-en,uk-en,-0.171560990827
ro-en,uk-en,-0.304523443227
ru-en,uk-en,-0.144858176755
sd-en,uk-en,-0.973057574525
si-en,uk-en,-0.87872841358
sk-en,uk-en,-0.214386436359
sl-en,uk-en,-0.346035211073
sm-en,uk-en,-0.811626766346
sn-en,uk-en,-0.726521815212
so-en,uk-en,-0.679326856304
sq-en,uk-en,-0.377039122162
sr-en,uk-en,-0.600537481701
st-en,uk-en,-0.73860736811
su-en,uk-en,-0.624621048732
sv-en,uk-en,-0.220824902737
sw-en,uk-en,-0.61867712987
ta-en,uk-en,-0.876889627861
te-en,uk-en,-0.715178557883
tg-en,uk-en,-0.820157149088
th-en,uk-en,-0.44676208675
tl-en,uk-en,-0.405937672111
tr-en,uk-en,-0.635770873732
uk-en,uk-en,0.0380221766697
ur-en,uk-en,-0.763184985854
uz-en,uk-en,-0.775347956107
vi-en,uk-en,-0.354677120472
xh-en,uk-en,-0.603783759483
yi-en,uk-en,-0.424493548245
yo-en,uk-en,-0.690015910417
zh-en,uk-en,-0.46023096414
zu-en,uk-en,-0.603826658481
af-en,ky-en,-0.731677469028
am-en,ky-en,-0.814831432324
ar-en,ky-en,-0.888707817363
az-en,ky-en,-0.464196203109
be-en,ky-en,-0.636643183796
bg-en,ky-en,-0.588214414589
bn-en,ky-en,-0.696516604234
bs-en,ky-en,-0.588172258665
ca-en,ky-en,-0.661207993563
ceb-en,ky-en,-0.804550835701
co-en,ky-en,-0.785742313683
cs-en,ky-en,-0.596129004214
cy-en,ky-en,-0.851725005197
da-en,ky-en,-0.644320195363
de-en,ky-en,-0.695912673327
el-en,ky-en,-0.62135006342
eo-en,ky-en,-0.790339586549
es-en,ky-en,-0.519253626442
et-en,ky-en,-0.829042637485
eu-en,ky-en,-0.809839319892
fa-en,ky-en,-0.629335858741
fi-en,ky-en,-0.820586016857
fr-en,ky-en,-0.630905173795
fy-en,ky-en,-0.871162035571
ga-en,ky-en,-0.852787194645
gd-en,ky-en,-0.884337817796
gl-en,ky-en,-0.554174705395
gu-en,ky-en,-0.721429664407
ha-en,ky-en,-0.855420908439
haw-en,ky-en,-0.796914032588
hi-en,ky-en,-0.601805550165
hmn-en,ky-en,-0.705934752805
hr-en,ky-en,-0.593820817025
ht-en,ky-en,-0.871537591559
hu-en,ky-en,-0.771662211326
hy-en,ky-en,-0.700788957445
id-en,ky-en,-0.634794753278
ig-en,ky-en,-0.767439934863
is-en,ky-en,-0.777966988219
it-en,ky-en,-0.647740435223
iw-en,ky-en,-0.886358499457
ja-en,ky-en,-0.405099112324
jw-en,ky-en,-0.832314413009
ka-en,ky-en,-0.619880435788
kk-en,ky-en,0.0565597591891
km-en,ky-en,-0.815378423166
kn-en,ky-en,-0.748676561267
ko-en,ky-en,-0.532073603525
ku-en,ky-en,-0.838161033241
ky-en,ky-en,-0.0506901195411
lb-en,ky-en,-0.890979657801
lo-en,ky-en,-0.802622646767
lt-en,ky-en,-0.773882618127
lv-en,ky-en,-0.736910147685
mg-en,ky-en,-0.818285531652
mi-en,ky-en,-0.776269323007
mk-en,ky-en,-0.632319117778
ml-en,ky-en,-0.790377816018
mn-en,ky-en,-0.741979300469
mr-en,ky-en,-0.724834101304
ms-en,ky-en,-0.638195768744
mt-en,ky-en,-0.82210348024
my-en,ky-en,-0.688770897194
ne-en,ky-en,-0.703518161889
nl-en,ky-en,-0.662057099105
no-en,ky-en,-0.654807248678
ny-en,ky-en,-0.773093192714
pa-en,ky-en,-0.769337076047
pl-en,ky-en,-0.621141726056
ps-en,ky-en,-0.802350865777
pt-en,ky-en,-0.513767847047
ro-en,ky-en,-0.661478995107
ru-en,ky-en,-0.335248731649
sd-en,ky-en,-0.881329935906
si-en,ky-en,-0.800857279593
sk-en,ky-en,-0.601240765975
sl-en,ky-en,-0.668196330998
sm-en,ky-en,-0.853977258696
sn-en,ky-en,-0.87393500705
so-en,ky-en,-0.841171378554
sq-en,ky-en,-0.757366681252
sr-en,ky-en,-0.687044699339
st-en,ky-en,-0.859353066899
su-en,ky-en,-0.835672041879
sv-en,ky-en,-0.65274105816
sw-en,ky-en,-0.874544178739
ta-en,ky-en,-0.768197321292
te-en,ky-en,-0.727175403324
tg-en,ky-en,-0.788352670173
th-en,ky-en,-0.626002350901
tl-en,ky-en,-0.807129051665
tr-en,ky-en,-0.628293884391
uk-en,ky-en,-0.57508086339
ur-en,ky-en,-0.682722573432
uz-en,ky-en,-0.506475940706
vi-en,ky-en,-0.672155444077
xh-en,ky-en,-0.933295227029
yi-en,ky-en,-0.675622758363
yo-en,ky-en,-0.851186988979
zh-en,ky-en,-0.412050949837
zu-en,ky-en,-0.892693366741
af-en,pl-en,-0.422355509251
am-en,pl-en,-0.731069325598
ar-en,pl-en,-0.679729740515
az-en,pl-en,-0.637082585241
be-en,pl-en,-0.322899725926
bg-en,pl-en,-0.237655672591
bn-en,pl-en,-0.871187618903
bs-en,pl-en,-0.562433079704
ca-en,pl-en,-0.392575749334
ceb-en,pl-en,-0.602428960791
co-en,pl-en,-0.677100560617
cs-en,pl-en,-0.424833270948
cy-en,pl-en,-0.758532731462
da-en,pl-en,-0.386194108828
de-en,pl-en,-0.277639711509
el-en,pl-en,-0.360098876689
eo-en,pl-en,-0.620893874009
es-en,pl-en,-0.251168765381
et-en,pl-en,-0.857455459332
eu-en,pl-en,-0.834465124171
fa-en,pl-en,-0.433746586908
fi-en,pl-en,-0.781698959113
fr-en,pl-en,-0.266150265827
fy-en,pl-en,-0.833307053642
ga-en,pl-en,-0.723858187065
gd-en,pl-en,-0.813637286233
gl-en,pl-en,-0.278118890906
gu-en,pl-en,-0.837274028589
ha-en,pl-en,-0.842033683832
haw-en,pl-en,-0.788540340578
hi-en,pl-en,-0.517229282621
hmn-en,pl-en,-0.539130296456
hr-en,pl-en,-0.569050188598
ht-en,pl-en,-0.732587897118
hu-en,pl-en,-0.786938230124
hy-en,pl-en,-0.597039801928
id-en,pl-en,-0.530031534934
ig-en,pl-en,-0.691660007184
is-en,pl-en,-0.594321254494
it-en,pl-en,-0.300876772775
iw-en,pl-en,-0.609808183548
ja-en,pl-en,-0.396221762939
jw-en,pl-en,-0.805725081516
ka-en,pl-en,-0.62649036727
kk-en,pl-en,-0.563062971108
km-en,pl-en,-0.391473257654
kn-en,pl-en,-0.895350496028
ko-en,pl-en,-0.412010913927
ku-en,pl-en,-0.83744506189
ky-en,pl-en,-0.69811433767
lb-en,pl-en,-0.67366356398
lo-en,pl-en,-0.470301978344
lt-en,pl-en,-0.77818897915
lv-en,pl-en,-0.791771207167
mg-en,pl-en,-0.746924875823
mi-en,pl-en,-0.772529941614
mk-en,pl-en,-0.263585863981
ml-en,pl-en,-0.932408015568
mn-en,pl-en,-0.580797653978
mr-en,pl-en,-0.823512279623
ms-en,pl-en,-0.535991072409
mt-en,pl-en,-0.557663566514
my-en,pl-en,-0.603450891558
ne-en,pl-en,-0.877801616781
nl-en,pl-en,-0.324111265066
no-en,pl-en,-0.384947646878
ny-en,pl-en,-0.738624337429
pa-en,pl-en,-0.818917933281
pl-en,pl-en,0.0776028088523
ps-en,pl-en,-0.712260517585
pt-en,pl-en,-0.252276078785
ro-en,pl-en,-0.546908059884
ru-en,pl-en,-0.201433150905
sd-en,pl-en,-0.89471277345
si-en,pl-en,-0.876093490264
sk-en,pl-en,-0.459687093285
sl-en,pl-en,-0.666403891201
sm-en,pl-en,-0.854777249066
sn-en,pl-en,-0.857781711333
so-en,pl-en,-0.845165854314
sq-en,pl-en,-0.646252274741
sr-en,pl-en,-0.477799443252
st-en,pl-en,-0.851969886424
su-en,pl-en,-0.767606016012
sv-en,pl-en,-0.446641154833
sw-en,pl-en,-0.847743489602
ta-en,pl-en,-0.926824921174
te-en,pl-en,-0.854499944371
tg-en,pl-en,-0.69149117786
th-en,pl-en,-0.350665639716
tl-en,pl-en,-0.539987224802
tr-en,pl-en,-0.7156962161
uk-en,pl-en,-0.231871472973
ur-en,pl-en,-0.678296657103
uz-en,pl-en,-0.838563958662
vi-en,pl-en,-0.426091431171
xh-en,pl-en,-0.904543859907
yi-en,pl-en,-0.396694573068
yo-en,pl-en,-0.791931442063
zh-en,pl-en,-0.323644724291
zu-en,pl-en,-0.864977715866
af-en,tr-en,-0.283926862491
am-en,tr-en,-0.569803402941
ar-en,tr-en,-0.721297709728
az-en,tr-en,-0.086698011774
be-en,tr-en,-0.418456398819
bg-en,tr-en,-0.28454862567
bn-en,tr-en,-0.790352894145
bs-en,tr-en,-0.683338825144
ca-en,tr-en,-0.443593786503
ceb-en,tr-en,-0.70451819366
co-en,tr-en,-0.662170305114
cs-en,tr-en,-0.591717649332
cy-en,tr-en,-0.690559379871
da-en,tr-en,-0.469381643652
de-en,tr-en,-0.36808063214
el-en,tr-en,-0.34248098544
eo-en,tr-en,-0.515037248513
es-en,tr-en,-0.274752528613
et-en,tr-en,-0.876863909065
eu-en,tr-en,-0.843560452284
fa-en,tr-en,-0.467919725047
fi-en,tr-en,-0.820329297533
fr-en,tr-en,-0.301918312158
fy-en,tr-en,-0.746583337154
ga-en,tr-en,-0.713614540244
gd-en,tr-en,-0.818262790564
gl-en,tr-en,-0.270132198034
gu-en,tr-en,-0.700007720416
ha-en,tr-en,-0.82623001041
haw-en,tr-en,-0.796583240098
hi-en,tr-en,-0.393422347709
hmn-en,tr-en,-0.596627863782
hr-en,tr-en,-0.691451574484
ht-en,tr-en,-0.785628855205
hu-en,tr-en,-0.784232510795
hy-en,tr-en,-0.641364643062
id-en,tr-en,-0.619438328847
ig-en,tr-en,-0.724016179863
is-en,tr-en,-0.678656414198
it-en,tr-en,-0.340528434812
iw-en,tr-en,-0.70205940447
ja-en,tr-en,-0.362112103331
jw-en,tr-en,-0.812881706054
ka-en,tr-en,-0.674457259684
kk-en,tr-en,-0.380443452178
km-en,tr-en,-0.65802225217
kn-en,tr-en,-0.764524798402
ko-en,tr-en,-0.371663649212
ku-en,tr-en,-0.814874950942
ky-en,tr-en,-0.493683094192
lb-en,tr-en,-0.689252657335
lo-en,tr-en,-0.779102155204
lt-en,tr-en,-0.642441620144
lv-en,tr-en,-0.686157061475
mg-en,tr-en,-0.763493972847
mi-en,tr-en,-0.727032598089
mk-en,tr-en,-0.294664833276
ml-en,tr-en,-0.922491337739
mn-en,tr-en,-0.568484436052
mr-en,tr-en,-0.663312069247
ms-en,tr-en,-0.626642939289
mt-en,tr-en,-0.609720569885
my-en,tr-en,-0.673713763403
ne-en,tr-en,-0.765371954357
nl-en,tr-en,-0.244570670922
no-en,tr-en,-0.453649314386
ny-en,tr-en,-0.761112675387
pa-en,tr-en,-0.656466698131
pl-en,tr-en,-0.462061830496
ps-en,tr-en,-0.745611289306
pt-en,tr-en,-0.257156952394
ro-en,tr-en,-0.477808692034
ru-en,tr-en,-0.276450276542
sd-en,tr-en,-0.913821024767
si-en,tr-en,-0.834375483308
sk-en,tr-en,-0.617220177494
sl-en,tr-en,-0.772649469265
sm-en,tr-en,-0.847039494396
sn-en,tr-en,-0.860743201604
so-en,tr-en,-0.859659865181
sq-en,tr-en,-0.535724859474
sr-en,tr-en,-0.594966453622
st-en,tr-en,-0.853990116957
su-en,tr-en,-0.781248319175
sv-en,tr-en,-0.352048195757
sw-en,tr-en,-0.846319779185
ta-en,tr-en,-0.808746306992
te-en,tr-en,-0.704840450803
tg-en,tr-en,-0.629809515965
th-en,tr-en,-0.541323912071
tl-en,tr-en,-0.681223027609
tr-en,tr-en,0.123724379465
uk-en,tr-en,-0.331395219648
ur-en,tr-en,-0.582556948708
uz-en,tr-en,-0.645688180525
vi-en,tr-en,-0.456463567054
xh-en,tr-en,-0.919812408778
yi-en,tr-en,-0.476135474698
yo-en,tr-en,-0.814579634184
zh-en,tr-en,-0.380511461542
zu-en,tr-en,-0.888617094138
af-en,ha-en,-0.629596254963
am-en,ha-en,-0.926953250823
ar-en,ha-en,-0.856313667813
az-en,ha-en,-0.823378027406
be-en,ha-en,-0.870204384216
bg-en,ha-en,-0.74934162162
bn-en,ha-en,-0.930635017704
bs-en,ha-en,-0.872473249029
ca-en,ha-en,-0.579245530899
ceb-en,ha-en,-0.798095591885
co-en,ha-en,-0.751041131818
cs-en,ha-en,-0.849786755857
cy-en,ha-en,-0.882012785933
da-en,ha-en,-0.671191837459
de-en,ha-en,-0.581500767788
el-en,ha-en,-0.70545695999
eo-en,ha-en,-0.804023385798
es-en,ha-en,-0.50152725583
et-en,ha-en,-0.90239500926
eu-en,ha-en,-0.887067690319
fa-en,ha-en,-0.810972374144
fi-en,ha-en,-0.877047284623
fr-en,ha-en,-0.536777661109
fy-en,ha-en,-0.822326561833
ga-en,ha-en,-0.850228740216
gd-en,ha-en,-0.868748070176
gl-en,ha-en,-0.539344895519
gu-en,ha-en,-0.907435504678
ha-en,ha-en,-0.102949767765
haw-en,ha-en,-0.779682158961
hi-en,ha-en,-0.829960837629
hmn-en,ha-en,-0.742282114729
hr-en,ha-en,-0.875996580903
ht-en,ha-en,-0.88315655736
hu-en,ha-en,-0.844312000448
hy-en,ha-en,-0.889497258169
id-en,ha-en,-0.763482201121
ig-en,ha-en,-0.778142588489
is-en,ha-en,-0.783754465644
it-en,ha-en,-0.586051124172
iw-en,ha-en,-0.930556433212
ja-en,ha-en,-0.865391407514
jw-en,ha-en,-0.867655142392
ka-en,ha-en,-0.869114862057
kk-en,ha-en,-0.882312692058
km-en,ha-en,-0.902902753996
kn-en,ha-en,-0.918879839295
ko-en,ha-en,-0.806639003213
ku-en,ha-en,-0.847146900504
ky-en,ha-en,-0.903036555238
lb-en,ha-en,-0.786853910205
lo-en,ha-en,-0.850741092404
lt-en,ha-en,-0.898437975091
lv-en,ha-en,-0.902292445422
mg-en,ha-en,-0.819865401375
mi-en,ha-en,-0.777245162156
mk-en,ha-en,-0.75323552407
ml-en,ha-en,-0.957646840248
mn-en,ha-en,-0.858810933675
mr-en,ha-en,-0.930783148086
ms-en,ha-en,-0.749495092399
mt-en,ha-en,-0.85459821568
my-en,ha-en,-0.913572647504
ne-en,ha-en,-0.929990266651
nl-en,ha-en,-0.575980201903
no-en,ha-en,-0.64317072377
ny-en,ha-en,-0.775752401821
pa-en,ha-en,-0.928020963775
pl-en,ha-en,-0.810059173565
ps-en,ha-en,-0.933516038254
pt-en,ha-en,-0.529169145063
ro-en,ha-en,-0.697224325424
ru-en,ha-en,-0.77124121011
sd-en,ha-en,-0.944145221387
si-en,ha-en,-0.950877419104
sk-en,ha-en,-0.856356041618
sl-en,ha-en,-0.882006086485
sm-en,ha-en,-0.822492889581
sn-en,ha-en,-0.863909639825
so-en,ha-en,-0.877739725132
sq-en,ha-en,-0.809636224136
sr-en,ha-en,-0.905108736536
st-en,ha-en,-0.835039993382
su-en,ha-en,-0.852108105277
sv-en,ha-en,-0.5792121821
sw-en,ha-en,-0.86587050396
ta-en,ha-en,-0.938448507384
te-en,ha-en,-0.913505424109
tg-en,ha-en,-0.875370226232
th-en,ha-en,-0.847987944734
tl-en,ha-en,-0.824105217918
tr-en,ha-en,-0.878756865437
uk-en,ha-en,-0.827135336319
ur-en,ha-en,-0.857562961932
uz-en,ha-en,-0.893797515097
vi-en,ha-en,-0.748605627616
xh-en,ha-en,-0.931725495865
yi-en,ha-en,-0.771071395585
yo-en,ha-en,-0.843192399839
zh-en,ha-en,-0.802308280259
zu-en,ha-en,-0.904795922156
af-en,yo-en,-0.696626580372
am-en,yo-en,-0.910665253436
ar-en,yo-en,-0.897004916873
az-en,yo-en,-0.865178864888
be-en,yo-en,-0.839416224423
bg-en,yo-en,-0.668927764699
bn-en,yo-en,-0.898210194167
bs-en,yo-en,-0.893419012895
ca-en,yo-en,-0.616125638955
ceb-en,yo-en,-0.813794146793
co-en,yo-en,-0.844141768073
cs-en,yo-en,-0.885217440442
cy-en,yo-en,-0.90765823068
da-en,yo-en,-0.658909918231
de-en,yo-en,-0.591688955111
el-en,yo-en,-0.69112131932
eo-en,yo-en,-0.851335400078
es-en,yo-en,-0.485197607798
et-en,yo-en,-0.902351410558
eu-en,yo-en,-0.883178814021
fa-en,yo-en,-0.80236449509
fi-en,yo-en,-0.889546294199
fr-en,yo-en,-0.508307817454
fy-en,yo-en,-0.866966767674
ga-en,yo-en,-0.889405077912
gd-en,yo-en,-0.898127707958
gl-en,yo-en,-0.551679109474
gu-en,yo-en,-0.903807349286
ha-en,yo-en,-0.830241391822
haw-en,yo-en,-0.816357817659
hi-en,yo-en,-0.840391873419
hmn-en,yo-en,-0.788193047184
hr-en,yo-en,-0.896671784629
ht-en,yo-en,-0.87098039758
hu-en,yo-en,-0.873708461383
hy-en,yo-en,-0.866553757749
id-en,yo-en,-0.708380370157
ig-en,yo-en,-0.761754067243
is-en,yo-en,-0.844916092089
it-en,yo-en,-0.639791628516
iw-en,yo-en,-0.887309109789
ja-en,yo-en,-0.816120050574
jw-en,yo-en,-0.84439158778
ka-en,yo-en,-0.859501032553
kk-en,yo-en,-0.870466600747
km-en,yo-en,-0.772814136294
kn-en,yo-en,-0.941595355533
ko-en,yo-en,-0.779850375863
ku-en,yo-en,-0.821083994128
ky-en,yo-en,-0.877803960126
lb-en,yo-en,-0.784129368639
lo-en,yo-en,-0.751330978515
lt-en,yo-en,-0.913327323908
lv-en,yo-en,-0.910447207962
mg-en,yo-en,-0.795491983837
mi-en,yo-en,-0.782823152587
mk-en,yo-en,-0.71427208616
ml-en,yo-en,-0.947445597898
mn-en,yo-en,-0.840906825012
mr-en,yo-en,-0.917777693283
ms-en,yo-en,-0.698674225542
mt-en,yo-en,-0.900772555441
my-en,yo-en,-0.864353624702
ne-en,yo-en,-0.880377206743
nl-en,yo-en,-0.610300847396
no-en,yo-en,-0.652340408179
ny-en,yo-en,-0.758985452977
pa-en,yo-en,-0.895363116748
pl-en,yo-en,-0.892339245935
ps-en,yo-en,-0.912629436959
pt-en,yo-en,-0.550514248643
ro-en,yo-en,-0.647123525836
ru-en,yo-en,-0.667750738817
sd-en,yo-en,-0.926481333116
si-en,yo-en,-0.936902997348
sk-en,yo-en,-0.886436344984
sl-en,yo-en,-0.88507679351
sm-en,yo-en,-0.82312392332
sn-en,yo-en,-0.850605641975
so-en,yo-en,-0.873422922145
sq-en,yo-en,-0.820182525818
sr-en,yo-en,-0.821284976249
st-en,yo-en,-0.849179292402
su-en,yo-en,-0.809303672351
sv-en,yo-en,-0.584633500587
sw-en,yo-en,-0.854254458936
ta-en,yo-en,-0.938821550116
te-en,yo-en,-0.919547851344
tg-en,yo-en,-0.821782869952
th-en,yo-en,-0.761822360833
tl-en,yo-en,-0.824620882718
tr-en,yo-en,-0.924840155544
uk-en,yo-en,-0.788885889311
ur-en,yo-en,-0.87650677737
uz-en,yo-en,-0.901311257174
vi-en,yo-en,-0.692969970396
xh-en,yo-en,-0.920937525918
yi-en,yo-en,-0.777353354649
yo-en,yo-en,0.00745405965545
zh-en,yo-en,-0.629260388306
zu-en,yo-en,-0.894920616503
af-en,ru-en,-0.367233458395
am-en,ru-en,-0.682233643364
ar-en,ru-en,-0.660717104386
az-en,ru-en,-0.737449896129
be-en,ru-en,-0.575886361031
bg-en,ru-en,-0.493974716475
bn-en,ru-en,-0.675326049399
bs-en,ru-en,-0.304168435158
ca-en,ru-en,-0.335338929588
ceb-en,ru-en,-0.569318955251
co-en,ru-en,-0.51984341402
cs-en,ru-en,-0.252620067054
cy-en,ru-en,-0.535746618447
da-en,ru-en,-0.273267547272
de-en,ru-en,-0.271035204892
el-en,ru-en,-0.303628162691
eo-en,ru-en,-0.358356960351
es-en,ru-en,-0.270695694066
et-en,ru-en,-0.572446986583
eu-en,ru-en,-0.732999735944
fa-en,ru-en,-0.518175629875
fi-en,ru-en,-0.575664333316
fr-en,ru-en,-0.301181239003
fy-en,ru-en,-0.703755280847
ga-en,ru-en,-0.617227818581
gd-en,ru-en,-0.751569618746
gl-en,ru-en,-0.267435580529
gu-en,ru-en,-0.68481953981
ha-en,ru-en,-0.809646751121
haw-en,ru-en,-0.680830735014
hi-en,ru-en,-0.473033993838
hmn-en,ru-en,-0.417741071182
hr-en,ru-en,-0.314143848459
ht-en,ru-en,-0.491395794903
hu-en,ru-en,-0.541299782467
hy-en,ru-en,-0.657763954472
id-en,ru-en,-0.347691244731
ig-en,ru-en,-0.66901758989
is-en,ru-en,-0.445790422647
it-en,ru-en,-0.297031274597
iw-en,ru-en,-0.660741400419
ja-en,ru-en,-0.541328304211
jw-en,ru-en,-0.707109513139
ka-en,ru-en,-0.675310347401
kk-en,ru-en,-0.760343786737
km-en,ru-en,-0.453639834693
kn-en,ru-en,-0.75263449844
ko-en,ru-en,-0.528261622593
ku-en,ru-en,-0.812329826314
ky-en,ru-en,-0.818930048803
lb-en,ru-en,-0.516016373283
lo-en,ru-en,-0.668893512976
lt-en,ru-en,-0.444126665595
lv-en,ru-en,-0.368089525024
mg-en,ru-en,-0.663205029979
mi-en,ru-en,-0.593600681891
mk-en,ru-en,-0.592910916176
ml-en,ru-en,-0.808305567465
mn-en,ru-en,-0.802264399239
mr-en,ru-en,-0.611643475301
ms-en,ru-en,-0.371506677848
mt-en,ru-en,-0.32792027367
my-en,ru-en,-0.750788626855
ne-en,ru-en,-0.652993553066
nl-en,ru-en,-0.286149696802
no-en,ru-en,-0.257204612061
ny-en,ru-en,-0.678797635668
pa-en,ru-en,-0.677234229151
pl-en,ru-en,-0.28813905147
ps-en,ru-en,-0.745315881786
pt-en,ru-en,-0.246862251687
ro-en,ru-en,-0.335083206212
ru-en,ru-en,0.0216111897664
sd-en,ru-en,-0.942708628711
si-en,ru-en,-0.778714833696
sk-en,ru-en,-0.277761824891
sl-en,ru-en,-0.433245752184
sm-en,ru-en,-0.843195806778
sn-en,ru-en,-0.819502790395
so-en,ru-en,-0.797184929467
sq-en,ru-en,-0.409906805659
sr-en,ru-en,-0.607574542142
st-en,ru-en,-0.824498051236
su-en,ru-en,-0.634320976309
sv-en,ru-en,-0.254503827074
sw-en,ru-en,-0.643434423823
ta-en,ru-en,-0.793559100576
te-en,ru-en,-0.757432776697
tg-en,ru-en,-0.749165202927
th-en,ru-en,-0.434252859666
tl-en,ru-en,-0.40816847044
tr-en,ru-en,-0.769052477288
uk-en,ru-en,-0.44417288742
ur-en,ru-en,-0.745535416613
uz-en,ru-en,-0.802783385129
vi-en,ru-en,-0.403768270297
xh-en,ru-en,-0.618517640621
yi-en,ru-en,-0.473076443638
yo-en,ru-en,-0.653597795357
zh-en,ru-en,-0.419937518199
zu-en,ru-en,-0.585723269648
af-en,so-en,-0.746400123549
am-en,so-en,-0.920912061978
ar-en,so-en,-0.78962826752
az-en,so-en,-0.833671215909
be-en,so-en,-0.839793607577
bg-en,so-en,-0.644265447642
bn-en,so-en,-0.892147893391
bs-en,so-en,-0.821862689553
ca-en,so-en,-0.696321665243
ceb-en,so-en,-0.76102547502
co-en,so-en,-0.851395174049
cs-en,so-en,-0.813384194448
cy-en,so-en,-0.861306703048
da-en,so-en,-0.669675311257
de-en,so-en,-0.606621109984
el-en,so-en,-0.655891565547
eo-en,so-en,-0.845304890691
es-en,so-en,-0.588099164279
et-en,so-en,-0.8934125515
eu-en,so-en,-0.889845406409
fa-en,so-en,-0.789510580301
fi-en,so-en,-0.887009057712
fr-en,so-en,-0.622131590525
fy-en,so-en,-0.862036379815
ga-en,so-en,-0.852415155653
gd-en,so-en,-0.866863657594
gl-en,so-en,-0.619427865678
gu-en,so-en,-0.967559650648
ha-en,so-en,-0.832230118746
haw-en,so-en,-0.769145678592
hi-en,so-en,-0.880005263498
hmn-en,so-en,-0.687341472707
hr-en,so-en,-0.823625320445
ht-en,so-en,-0.873885774145
hu-en,so-en,-0.87167926526
hy-en,so-en,-0.847680876079
id-en,so-en,-0.726142111566
ig-en,so-en,-0.792050533151
is-en,so-en,-0.814385593308
it-en,so-en,-0.742155266195
iw-en,so-en,-0.818142489552
ja-en,so-en,-0.881628083372
jw-en,so-en,-0.842380903078
ka-en,so-en,-0.854184160004
kk-en,so-en,-0.859143940339
km-en,so-en,-0.778223079216
kn-en,so-en,-0.951495523105
ko-en,so-en,-0.764401922395
ku-en,so-en,-0.835749725891
ky-en,so-en,-0.861627339506
lb-en,so-en,-0.825753461391
lo-en,so-en,-0.765917969901
lt-en,so-en,-0.893559593901
lv-en,so-en,-0.881271158322
mg-en,so-en,-0.801893554078
mi-en,so-en,-0.787075299339
mk-en,so-en,-0.667585930767
ml-en,so-en,-0.948201194132
mn-en,so-en,-0.835200436759
mr-en,so-en,-0.942883250408
ms-en,so-en,-0.713765858856
mt-en,so-en,-0.854698345932
my-en,so-en,-0.8817295715
ne-en,so-en,-0.938211872542
nl-en,so-en,-0.690711485534
no-en,so-en,-0.657456556326
ny-en,so-en,-0.751830960757
pa-en,so-en,-0.969339517016
pl-en,so-en,-0.847673424225
ps-en,so-en,-0.892935437244
pt-en,so-en,-0.605228540051
ro-en,so-en,-0.762126251384
ru-en,so-en,-0.61998587782
sd-en,so-en,-0.940755593186
si-en,so-en,-0.914279354244
sk-en,so-en,-0.828035494801
sl-en,so-en,-0.851932976259
sm-en,so-en,-0.829277884412
sn-en,so-en,-0.862127575314
so-en,so-en,0.0556278601833
sq-en,so-en,-0.799584630171
sr-en,so-en,-0.848497155892
st-en,so-en,-0.828040272728
su-en,so-en,-0.823489669666
sv-en,so-en,-0.671984664833
sw-en,so-en,-0.851858211411
ta-en,so-en,-0.95051861348
te-en,so-en,-0.940954164646
tg-en,so-en,-0.845783220019
th-en,so-en,-0.738709831295
tl-en,so-en,-0.799926227331
tr-en,so-en,-0.900844614566
uk-en,so-en,-0.825820638288
ur-en,so-en,-0.930296884968
uz-en,so-en,-0.873610510971
vi-en,so-en,-0.701890387272
xh-en,so-en,-0.914846254493
yi-en,so-en,-0.789848738058
yo-en,so-en,-0.810039022032
zh-en,so-en,-0.693648784279
zu-en,so-en,-0.887944293644
af-en,ny-en,-0.74864398587
am-en,ny-en,-0.94709766739
ar-en,ny-en,-0.892280800721
az-en,ny-en,-0.882917478589
be-en,ny-en,-0.927250009761
bg-en,ny-en,-0.818038949764
bn-en,ny-en,-0.942209844128
bs-en,ny-en,-1.0
ca-en,ny-en,-0.742956342154
ceb-en,ny-en,-0.782945094631
co-en,ny-en,-0.858396702858
cs-en,ny-en,-0.875281797655
cy-en,ny-en,-0.899373097804
da-en,ny-en,-0.787286499614
de-en,ny-en,-0.754533865165
el-en,ny-en,-0.842049180728
eo-en,ny-en,-0.856070901544
es-en,ny-en,-0.652590541833
et-en,ny-en,-0.901207724015
eu-en,ny-en,-0.883243599726
fa-en,ny-en,-0.834524876992
fi-en,ny-en,-0.913173892772
fr-en,ny-en,-0.706946146728
fy-en,ny-en,-0.878556768367
ga-en,ny-en,-0.870217408452
gd-en,ny-en,-0.882538278447
gl-en,ny-en,-0.673237582711
gu-en,ny-en,-0.945755678736
ha-en,ny-en,-0.847335730352
haw-en,ny-en,-0.770610335118
hi-en,ny-en,-0.907565205481
hmn-en,ny-en,-1.0
hr-en,ny-en,-0.876896111681
ht-en,ny-en,-0.901879081516
hu-en,ny-en,-0.88065531079
hy-en,ny-en,-0.953638767492
id-en,ny-en,-0.755292538779
ig-en,ny-en,-0.755674116169
is-en,ny-en,-0.865871426529
it-en,ny-en,-0.795696199015
iw-en,ny-en,-0.944754019038
ja-en,ny-en,-0.893889108428
jw-en,ny-en,-0.848599560323
ka-en,ny-en,-0.906787328988
kk-en,ny-en,-0.924934306558
km-en,ny-en,-0.839441695704
kn-en,ny-en,-1.0
ko-en,ny-en,-0.865146066543
ku-en,ny-en,-1.0
ky-en,ny-en,-0.928592425489
lb-en,ny-en,-0.866772227992
lo-en,ny-en,-0.783211659316
lt-en,ny-en,-0.91716791558
lv-en,ny-en,-0.888763511399
mg-en,ny-en,-0.803265735379
mi-en,ny-en,-0.753918550212
mk-en,ny-en,-0.834750410096
ml-en,ny-en,-0.969631564853
mn-en,ny-en,-0.910865104279
mr-en,ny-en,-0.943038541757
ms-en,ny-en,-0.753380067098
mt-en,ny-en,-0.901861959401
my-en,ny-en,-0.908280551326
ne-en,ny-en,-0.918295612429
nl-en,ny-en,-0.710495204885
no-en,ny-en,-0.809999737099
ny-en,ny-en,-0.0830444915735
pa-en,ny-en,-0.943324462399
pl-en,ny-en,-0.902320826147
ps-en,ny-en,-0.954753260299
pt-en,ny-en,-0.660743867257
ro-en,ny-en,-0.826288510221
ru-en,ny-en,-0.833900712905
sd-en,ny-en,-1.0
si-en,ny-en,-0.960063599484
sk-en,ny-en,-0.881641413414
sl-en,ny-en,-0.877438877545
sm-en,ny-en,-0.821883065176
sn-en,ny-en,-0.755355631664
so-en,ny-en,-0.872846643325
sq-en,ny-en,-0.846932989426
sr-en,ny-en,-0.894190441138
st-en,ny-en,-0.816993937253
su-en,ny-en,-0.81952257994
sv-en,ny-en,-0.811503940936
sw-en,ny-en,-0.782609534935
ta-en,ny-en,-0.965397849634
te-en,ny-en,-0.949215121735
tg-en,ny-en,-1.0
th-en,ny-en,-0.78207331383
tl-en,ny-en,-0.814878575042
tr-en,ny-en,-0.927347603973
uk-en,ny-en,-0.910976015283
ur-en,ny-en,-0.929440369906
uz-en,ny-en,-0.900116106053
vi-en,ny-en,-0.766875519305
xh-en,ny-en,-0.883004730571
yi-en,ny-en,-0.899582383217
yo-en,ny-en,-0.837717492936
zh-en,ny-en,-0.76320457594
zu-en,ny-en,-0.852420079456
af-en,ca-en,-0.578260059248
am-en,ca-en,-0.656552451686
ar-en,ca-en,-0.261391304695
az-en,ca-en,-0.562883194461
be-en,ca-en,-0.377746520983
bg-en,ca-en,-0.23282520129
bn-en,ca-en,-0.723836120126
bs-en,ca-en,-0.731006850542
ca-en,ca-en,0.0269865058494
ceb-en,ca-en,-0.548459556563
co-en,ca-en,-0.748990898654
cs-en,ca-en,-0.612220223218
cy-en,ca-en,-0.765840278513
da-en,ca-en,-0.54778924199
de-en,ca-en,-0.325392153975
el-en,ca-en,-0.2770351451
eo-en,ca-en,-0.690921193791
es-en,ca-en,-0.150103998209
et-en,ca-en,-0.705992137443
eu-en,ca-en,-0.763588178908
fa-en,ca-en,-0.313676313393
fi-en,ca-en,-0.706996457871
fr-en,ca-en,-0.170193955947
fy-en,ca-en,-0.868597643154
ga-en,ca-en,-0.739940574253
gd-en,ca-en,-0.767885756357
gl-en,ca-en,-0.267799666536
gu-en,ca-en,-0.720948322688
ha-en,ca-en,-0.80989987559
haw-en,ca-en,-0.818152847997
hi-en,ca-en,-0.390361227697
hmn-en,ca-en,-0.50773181725
hr-en,ca-en,-0.737108504541
ht-en,ca-en,-0.802082049806
hu-en,ca-en,-0.788159820305
hy-en,ca-en,-0.483760065287
id-en,ca-en,-0.512900975822
ig-en,ca-en,-0.587893734189
is-en,ca-en,-0.555189209133
it-en,ca-en,-0.521103687376
iw-en,ca-en,-0.410783069496
ja-en,ca-en,-0.479097243902
jw-en,ca-en,-0.750012543283
ka-en,ca-en,-0.53403380773
kk-en,ca-en,-0.536474925243
km-en,ca-en,-0.335667094748
kn-en,ca-en,-0.851334206489
ko-en,ca-en,-0.475509102858
ku-en,ca-en,-0.855929155218
ky-en,ca-en,-0.700821487965
lb-en,ca-en,-0.727800644693
lo-en,ca-en,-0.457034220643
lt-en,ca-en,-0.669265099729
lv-en,ca-en,-0.731342429681
mg-en,ca-en,-0.752859952082
mi-en,ca-en,-0.755445128293
mk-en,ca-en,-0.241638105672
ml-en,ca-en,-0.916185476469
mn-en,ca-en,-0.61004752598
mr-en,ca-en,-0.625958335047
ms-en,ca-en,-0.529202096529
mt-en,ca-en,-0.622163859008
my-en,ca-en,-0.64874129651
ne-en,ca-en,-0.689657452175
nl-en,ca-en,-0.468495461325
no-en,ca-en,-0.589117555216
ny-en,ca-en,-0.738853930836
pa-en,ca-en,-0.600465688733
pl-en,ca-en,-0.675990466623
ps-en,ca-en,-0.643505625789
pt-en,ca-en,-0.208230325252
ro-en,ca-en,-0.476873093945
ru-en,ca-en,-0.254944090135
sd-en,ca-en,-0.694956277316
si-en,ca-en,-0.858772598393
sk-en,ca-en,-0.625801321898
sl-en,ca-en,-0.742794716276
sm-en,ca-en,-0.860238818769
sn-en,ca-en,-0.867430974922
so-en,ca-en,-0.79838877428
sq-en,ca-en,-0.446278867865
sr-en,ca-en,-0.612596251482
st-en,ca-en,-0.853678947754
su-en,ca-en,-0.695267123847
sv-en,ca-en,-0.541430585914
sw-en,ca-en,-0.752300621087
ta-en,ca-en,-0.885525915077
te-en,ca-en,-0.819461794951
tg-en,ca-en,-0.457273442274
th-en,ca-en,-0.331005199704
tl-en,ca-en,-0.462766857681
tr-en,ca-en,-0.653373038497
uk-en,ca-en,-0.313873930777
ur-en,ca-en,-0.474344134648
uz-en,ca-en,-0.85758510885
vi-en,ca-en,-0.359601506248
xh-en,ca-en,-0.883663770551
yi-en,ca-en,-0.308346823378
yo-en,ca-en,-0.797396522382
zh-en,ca-en,-0.348456548353
zu-en,ca-en,-0.828163511571
af-en,sr-en,-0.303549337347
am-en,sr-en,-0.68797485261
ar-en,sr-en,-0.380549529353
az-en,sr-en,-0.758150842541
be-en,sr-en,-0.27741921123
bg-en,sr-en,-0.127912128619
bn-en,sr-en,-0.663967837895
bs-en,sr-en,0.0467827912537
ca-en,sr-en,-0.328938532114
ceb-en,sr-en,-0.574345287401
co-en,sr-en,-0.680967582922
cs-en,sr-en,-0.338952076214
cy-en,sr-en,-0.389486642964
da-en,sr-en,-0.360506507077
de-en,sr-en,-0.532916553806
el-en,sr-en,-0.27387994434
eo-en,sr-en,-0.372572045376
es-en,sr-en,-0.351564626643
et-en,sr-en,-0.741435341013
eu-en,sr-en,-0.721100213907
fa-en,sr-en,-0.367771071023
fi-en,sr-en,-0.82112421082
fr-en,sr-en,-0.424636451987
fy-en,sr-en,-0.724906414364
ga-en,sr-en,-0.632718379377
gd-en,sr-en,-0.58700602136
gl-en,sr-en,-0.308108452687
gu-en,sr-en,-0.678418852362
ha-en,sr-en,-0.829184234429
haw-en,sr-en,-0.768917907317
hi-en,sr-en,-0.529126525997
hmn-en,sr-en,-0.606047696773
hr-en,sr-en,0.0482156715607
ht-en,sr-en,-0.785805869267
hu-en,sr-en,-0.718583808932
hy-en,sr-en,-0.729747527223
id-en,sr-en,-0.413282325506
ig-en,sr-en,-0.681930309169
is-en,sr-en,-0.582823828693
it-en,sr-en,-0.367947160162
iw-en,sr-en,-0.278635324234
ja-en,sr-en,-0.500771894403
jw-en,sr-en,-0.712510582707
ka-en,sr-en,-0.589922694458
kk-en,sr-en,-0.565418926794
km-en,sr-en,-0.491544131943
kn-en,sr-en,-0.637259974848
ko-en,sr-en,-0.401532149388
ku-en,sr-en,-0.861332504864
ky-en,sr-en,-1.0
lb-en,sr-en,-0.622839108911
lo-en,sr-en,-0.506098296479
lt-en,sr-en,-0.442125826197
lv-en,sr-en,-0.578118290228
mg-en,sr-en,-0.806804283427
mi-en,sr-en,-0.637911122718
mk-en,sr-en,-0.0580993220045
ml-en,sr-en,-0.901326084988
mn-en,sr-en,-0.826217136785
mr-en,sr-en,-0.767929026863
ms-en,sr-en,-0.449585506007
mt-en,sr-en,-0.438644524243
my-en,sr-en,-0.783443019296
ne-en,sr-en,-0.652372591487
nl-en,sr-en,-0.340124270001
no-en,sr-en,-0.390998215314
ny-en,sr-en,-0.772778114305
pa-en,sr-en,-0.7085764917
pl-en,sr-en,-0.543020563142
ps-en,sr-en,-0.604591807287
pt-en,sr-en,-0.29328417216
ro-en,sr-en,-0.30579321745
ru-en,sr-en,-0.614741131329
sd-en,sr-en,-0.831206177458
si-en,sr-en,-0.859763738703
sk-en,sr-en,-0.423109898145
sl-en,sr-en,-0.161191500648
sm-en,sr-en,-0.806806544512
sn-en,sr-en,-0.863434437839
so-en,sr-en,-0.658376650734
sq-en,sr-en,-0.532138636614
sr-en,sr-en,0.136948823923
st-en,sr-en,-0.86705354775
su-en,sr-en,-0.756983253531
sv-en,sr-en,-0.382870935709
sw-en,sr-en,-0.621539846349
ta-en,sr-en,-0.876001647288
te-en,sr-en,-0.66212714867
tg-en,sr-en,-0.639804169326
th-en,sr-en,-0.559085735952
tl-en,sr-en,-0.303845103192
tr-en,sr-en,-0.741603869277
uk-en,sr-en,-0.337583712382
ur-en,sr-en,-0.526849811011
uz-en,sr-en,-0.707056244254
vi-en,sr-en,-0.551120847136
xh-en,sr-en,-0.861492621998
yi-en,sr-en,-0.314292872702
yo-en,sr-en,-0.818581418426
zh-en,sr-en,-0.275724848641
zu-en,sr-en,-0.774242167071
af-en,ko-en,-0.235820471351
am-en,ko-en,-0.562119142932
ar-en,ko-en,-0.739868570544
az-en,ko-en,-0.481655176382
be-en,ko-en,-0.389112331587
bg-en,ko-en,-0.315009078773
bn-en,ko-en,-0.541395136052
bs-en,ko-en,-0.257555720843
ca-en,ko-en,-0.274298559708
ceb-en,ko-en,-0.558908295686
co-en,ko-en,-0.44622522239
cs-en,ko-en,-0.289310520533
cy-en,ko-en,-0.644031690678
da-en,ko-en,-0.28226710722
de-en,ko-en,-0.291191668215
el-en,ko-en,-0.389875898954
eo-en,ko-en,-0.265721053435
es-en,ko-en,-0.228424480467
et-en,ko-en,-0.576489836382
eu-en,ko-en,-0.630057110441
fa-en,ko-en,-0.531740904276
fi-en,ko-en,-0.524161939958
fr-en,ko-en,-0.272043383313
fy-en,ko-en,-0.631712698928
ga-en,ko-en,-0.574871759902
gd-en,ko-en,-0.744435957939
gl-en,ko-en,-0.190992306107
gu-en,ko-en,-0.433865173777
ha-en,ko-en,-0.806499573608
haw-en,ko-en,-0.671196690602
hi-en,ko-en,-0.309684108698
hmn-en,ko-en,-0.472028069405
hr-en,ko-en,-0.258890617222
ht-en,ko-en,-0.432174741884
hu-en,ko-en,-0.357191927471
hy-en,ko-en,-0.481518100745
id-en,ko-en,-0.379444291397
ig-en,ko-en,-0.592092513457
is-en,ko-en,-0.4226923559
it-en,ko-en,-0.26328040825
iw-en,ko-en,-0.759844345724
ja-en,ko-en,-0.239102758786
jw-en,ko-en,-0.700419454021
ka-en,ko-en,-0.446737167903
kk-en,ko-en,-0.464953633145
km-en,ko-en,-0.459863682066
kn-en,ko-en,-0.519520576602
ko-en,ko-en,0.100693134662
ku-en,ko-en,-0.812502239561
ky-en,ko-en,-0.716001649903
lb-en,ko-en,-0.511705044879
lo-en,ko-en,-0.498874473473
lt-en,ko-en,-0.503299973242
lv-en,ko-en,-0.401168149936
mg-en,ko-en,-0.695281493993
mi-en,ko-en,-0.562274166818
mk-en,ko-en,-0.278991325716
ml-en,ko-en,-0.770301627956
mn-en,ko-en,-0.423314362882
mr-en,ko-en,-0.492977938081
ms-en,ko-en,-0.408078484762
mt-en,ko-en,-0.363146685095
my-en,ko-en,-0.376320603461
ne-en,ko-en,-0.467880105849
nl-en,ko-en,-0.221159280328
no-en,ko-en,-0.256498347271
ny-en,ko-en,-0.65864201734
pa-en,ko-en,-0.550140064654
pl-en,ko-en,-0.323560536322
ps-en,ko-en,-0.691547336469
pt-en,ko-en,-0.208400751367
ro-en,ko-en,-0.301119426658
ru-en,ko-en,-0.303209153401
sd-en,ko-en,-0.884868623033
si-en,ko-en,-0.558207401458
sk-en,ko-en,-0.313349515443
sl-en,ko-en,-0.320325820821
sm-en,ko-en,-0.781861681518
sn-en,ko-en,-0.818850286127
so-en,ko-en,-0.769519925036
sq-en,ko-en,-0.339970037569
sr-en,ko-en,-0.569637621078
st-en,ko-en,-0.748356812071
su-en,ko-en,-0.653331746178
sv-en,ko-en,-0.22784171025
sw-en,ko-en,-0.658749370434
ta-en,ko-en,-0.584415535575
te-en,ko-en,-0.54729698502
tg-en,ko-en,-0.735392105789
th-en,ko-en,-0.621403088316
tl-en,ko-en,-0.411430306905
tr-en,ko-en,-0.501474284746
uk-en,ko-en,-0.315386409307
ur-en,ko-en,-0.542888574016
uz-en,ko-en,-0.636859345619
vi-en,ko-en,-0.398867372782
xh-en,ko-en,-0.738837952158
yi-en,ko-en,-0.393910113522
yo-en,ko-en,-0.703912419753
zh-en,ko-en,-0.326412449876
zu-en,ko-en,-0.684195884894
af-en,az-en,-0.162423611093
am-en,az-en,-0.227132513842
ar-en,az-en,-0.253239843597
az-en,az-en,0.0385524718545
be-en,az-en,-0.182405398878
bg-en,az-en,-0.144324871781
bn-en,az-en,-0.182094392626
bs-en,az-en,-0.137377116736
ca-en,az-en,-0.123130332752
ceb-en,az-en,-0.290521002197
co-en,az-en,-0.215853907283
cs-en,az-en,-0.141254671835
cy-en,az-en,-0.238662067171
da-en,az-en,-0.134007277586
de-en,az-en,-0.13101254799
el-en,az-en,-0.145339745925
eo-en,az-en,-0.151652193322
es-en,az-en,-0.110130724206
et-en,az-en,-0.465125072824
eu-en,az-en,-0.645391198879
fa-en,az-en,-0.215455632882
fi-en,az-en,-0.255521750941
fr-en,az-en,-0.112058982309
fy-en,az-en,-0.432459671958
ga-en,az-en,-0.322063227819
gd-en,az-en,-0.385169548974
gl-en,az-en,-0.0805790329773
gu-en,az-en,-0.189778790672
ha-en,az-en,-0.710434626083
haw-en,az-en,-0.340674131531
hi-en,az-en,-0.140661348643
hmn-en,az-en,-0.39019689645
hr-en,az-en,-0.141569424423
ht-en,az-en,-0.382360025738
hu-en,az-en,-0.389195360527
hy-en,az-en,-0.172709464243
id-en,az-en,-0.194357715837
ig-en,az-en,-0.521516621857
is-en,az-en,-0.285257711272
it-en,az-en,-0.129146439265
iw-en,az-en,-0.209959573356
ja-en,az-en,-0.154566904325
jw-en,az-en,-0.535510801194
ka-en,az-en,-0.149338495239
kk-en,az-en,-0.225068116037
km-en,az-en,-0.180385761269
kn-en,az-en,-0.200284788685
ko-en,az-en,-0.119256738864
ku-en,az-en,-0.675950840992
ky-en,az-en,-0.309514039231
lb-en,az-en,-0.238413706984
lo-en,az-en,-0.294282370229
lt-en,az-en,-0.200220228038
lv-en,az-en,-0.178854567498
mg-en,az-en,-0.373386088157
mi-en,az-en,-0.475952301955
mk-en,az-en,-0.135435147079
ml-en,az-en,-0.245849478646
mn-en,az-en,-0.339658951361
mr-en,az-en,-0.181801801115
ms-en,az-en,-0.216185461052
mt-en,az-en,-0.278291372279
my-en,az-en,-0.211150917836
ne-en,az-en,-0.209435100428
nl-en,az-en,-0.140903601262
no-en,az-en,-0.113578766293
ny-en,az-en,-0.44144247484
pa-en,az-en,-0.207163425373
pl-en,az-en,-0.143516912733
ps-en,az-en,-0.237560571253
pt-en,az-en,-0.118981748114
ro-en,az-en,-0.160929712236
ru-en,az-en,-0.124466667457
sd-en,az-en,-0.402936801372
si-en,az-en,-0.219738032961
sk-en,az-en,-0.156200508953
sl-en,az-en,-0.18458983362
sm-en,az-en,-0.401783534874
sn-en,az-en,-0.602130458408
so-en,az-en,-0.466727732338
sq-en,az-en,-0.238768554086
sr-en,az-en,-0.249838111087
st-en,az-en,-0.40238101744
su-en,az-en,-0.415440118086
sv-en,az-en,-0.119048871465
sw-en,az-en,-0.462389553267
ta-en,az-en,-0.240416923965
te-en,az-en,-0.213165728934
tg-en,az-en,-0.338245218439
th-en,az-en,-0.183045945333
tl-en,az-en,-0.256157903658
tr-en,az-en,-0.190540498707
uk-en,az-en,-0.16059081682
ur-en,az-en,-0.191029103123
uz-en,az-en,-0.281692836797
vi-en,az-en,-0.254449424724
xh-en,az-en,-0.437543745965
yi-en,az-en,-0.104890065359
yo-en,az-en,-0.570088324401
zh-en,az-en,-0.146368744444
zu-en,az-en,-0.417292182718
af-en,gd-en,-0.855349360527
am-en,gd-en,-0.944927764874
ar-en,gd-en,-0.885569493794
az-en,gd-en,-0.904487198541
be-en,gd-en,-0.849301123311
bg-en,gd-en,-0.825273618608
bn-en,gd-en,-0.909391306151
bs-en,gd-en,-0.925120210293
ca-en,gd-en,-0.900343087107
ceb-en,gd-en,-0.800450426278
co-en,gd-en,-0.923892768345
cs-en,gd-en,-0.903678489236
cy-en,gd-en,-0.871863696875
da-en,gd-en,-0.904934653154
de-en,gd-en,-0.83973017107
el-en,gd-en,-0.82191713209
eo-en,gd-en,-0.929541095035
es-en,gd-en,-0.921034187336
et-en,gd-en,-0.917118836734
eu-en,gd-en,-0.8937960339
fa-en,gd-en,-0.799093178348
fi-en,gd-en,-0.918394363608
fr-en,gd-en,-0.875359636509
fy-en,gd-en,-0.903630844756
ga-en,gd-en,-0.641204470996
gd-en,gd-en,-0.0528903835166
gl-en,gd-en,-0.894769113351
gu-en,gd-en,-0.897887550558
ha-en,gd-en,-0.858034120499
haw-en,gd-en,-0.813859875142
hi-en,gd-en,-0.828683901363
hmn-en,gd-en,-0.753311540386
hr-en,gd-en,-0.926666569109
ht-en,gd-en,-0.904257985174
hu-en,gd-en,-0.906738308692
hy-en,gd-en,-0.959581336522
id-en,gd-en,-0.800052967337
ig-en,gd-en,-0.814929912365
is-en,gd-en,-0.890664481338
it-en,gd-en,-0.91499315196
iw-en,gd-en,-0.956279509229
ja-en,gd-en,-0.79867163355
jw-en,gd-en,-0.875675026586
ka-en,gd-en,-0.912420075865
kk-en,gd-en,-0.900147326855
km-en,gd-en,-0.846347506398
kn-en,gd-en,-0.937277715749
ko-en,gd-en,-0.815281175051
ku-en,gd-en,-0.855211651854
ky-en,gd-en,-0.910737059958
lb-en,gd-en,-0.905461909977
lo-en,gd-en,-0.784092392757
lt-en,gd-en,-0.916930439933
lv-en,gd-en,-0.91279470274
mg-en,gd-en,-0.826741649627
mi-en,gd-en,-0.826414817412
mk-en,gd-en,-0.822035077468
ml-en,gd-en,-0.957295044245
mn-en,gd-en,-0.864717281579
mr-en,gd-en,-0.905510497945
ms-en,gd-en,-0.784160758934
mt-en,gd-en,-0.888885519413
my-en,gd-en,-0.863911034013
ne-en,gd-en,-0.893479436546
nl-en,gd-en,-0.823155334934
no-en,gd-en,-0.899054614508
ny-en,gd-en,-0.775645509349
pa-en,gd-en,-0.898017760298
pl-en,gd-en,-0.911509825861
ps-en,gd-en,-0.924161252902
pt-en,gd-en,-0.882002567772
ro-en,gd-en,-0.908155334534
ru-en,gd-en,-0.766014260352
sd-en,gd-en,-0.947351007956
si-en,gd-en,-0.949967640767
sk-en,gd-en,-0.904495532215
sl-en,gd-en,-0.910965609911
sm-en,gd-en,-0.873234379958
sn-en,gd-en,-0.864182132264
so-en,gd-en,-0.865512613863
sq-en,gd-en,-0.885900063694
sr-en,gd-en,-0.895803313215
st-en,gd-en,-0.863979052996
su-en,gd-en,-0.862572875244
sv-en,gd-en,-0.907697024644
sw-en,gd-en,-0.888973702858
ta-en,gd-en,-0.945184720758
te-en,gd-en,-0.920156767747
tg-en,gd-en,-0.863186286419
th-en,gd-en,-0.757836329717
tl-en,gd-en,-0.820764442935
tr-en,gd-en,-0.949277414455
uk-en,gd-en,-0.84809758615
ur-en,gd-en,-0.858442263562
uz-en,gd-en,-0.908299010239
vi-en,gd-en,-0.856717185487
xh-en,gd-en,-0.932910223786
yi-en,gd-en,-0.857387825967
yo-en,gd-en,-0.865564710255
zh-en,gd-en,-0.691268795234
zu-en,gd-en,-0.901376338639
af-en,ar-en,-0.10107408422
am-en,ar-en,-0.417997884137
ar-en,ar-en,0.096301716441
az-en,ar-en,-0.267465784941
be-en,ar-en,-0.157620524953
bg-en,ar-en,-0.0827069440397
bn-en,ar-en,-0.467874176549
bs-en,ar-en,-0.0954623011665
ca-en,ar-en,-0.22602468394
ceb-en,ar-en,-0.190159686826
co-en,ar-en,-0.398706926176
cs-en,ar-en,-0.0867246082823
cy-en,ar-en,-0.102238050646
da-en,ar-en,-0.0654141715064
de-en,ar-en,-0.246235425256
el-en,ar-en,-0.0879939735068
eo-en,ar-en,-0.0964042517402
es-en,ar-en,-0.587054562283
et-en,ar-en,-0.170061828698
eu-en,ar-en,-0.243239615312
fa-en,ar-en,-0.322395954655
fi-en,ar-en,-0.116035746106
fr-en,ar-en,-0.780087225662
fy-en,ar-en,-0.457714091324
ga-en,ar-en,-0.1763211653
gd-en,ar-en,-0.174519426486
gl-en,ar-en,-0.170145849804
gu-en,ar-en,-0.363335097984
ha-en,ar-en,-0.260209866941
haw-en,ar-en,-0.237467849924
hi-en,ar-en,-0.207371814503
hmn-en,ar-en,-0.134434111346
hr-en,ar-en,-0.100779363163
ht-en,ar-en,-0.152879923844
hu-en,ar-en,-0.156852885404
hy-en,ar-en,-0.200678112397
id-en,ar-en,-0.0789416048419
ig-en,ar-en,-0.152441554327
is-en,ar-en,-0.0970884384325
it-en,ar-en,-0.263471704036
iw-en,ar-en,-0.230095258212
ja-en,ar-en,-0.257971078156
jw-en,ar-en,-0.25264430931
ka-en,ar-en,-0.2593058179
kk-en,ar-en,-0.24602365957
km-en,ar-en,-0.118743032313
kn-en,ar-en,-0.390594661739
ko-en,ar-en,-0.221084633427
ku-en,ar-en,-0.522695472591
ky-en,ar-en,-0.300560987858
lb-en,ar-en,-0.333298522131
lo-en,ar-en,-0.156363860229
lt-en,ar-en,-0.161216591193
lv-en,ar-en,-0.138600989622
mg-en,ar-en,-0.239559043884
mi-en,ar-en,-0.195138377763
mk-en,ar-en,-0.0715088821161
ml-en,ar-en,-0.397083786872
mn-en,ar-en,-0.306012713397
mr-en,ar-en,-0.297856643187
ms-en,ar-en,-0.0908499499617
mt-en,ar-en,-0.122195763558
my-en,ar-en,-0.423186969889
ne-en,ar-en,-0.363271579543
nl-en,ar-en,-0.116157263267
no-en,ar-en,-0.0614578955784
ny-en,ar-en,-0.239539144564
pa-en,ar-en,-0.323564333768
pl-en,ar-en,-0.104423605355
ps-en,ar-en,-0.601363060919
pt-en,ar-en,-0.117671653429
ro-en,ar-en,-0.0976368528131
ru-en,ar-en,-0.0992458695635
sd-en,ar-en,-0.698241145814
si-en,ar-en,-0.422620279638
sk-en,ar-en,-0.113002265409
sl-en,ar-en,-0.137576420148
sm-en,ar-en,-0.315544553818
sn-en,ar-en,-0.361824109634
so-en,ar-en,-0.258057545073
sq-en,ar-en,-0.0802617419021
sr-en,ar-en,-0.247697393789
st-en,ar-en,-0.223396341004
su-en,ar-en,-0.249293224333
sv-en,ar-en,-0.0641456458709
sw-en,ar-en,-0.222746827232
ta-en,ar-en,-0.49757077268
te-en,ar-en,-0.394960348878
tg-en,ar-en,-0.26223727647
th-en,ar-en,-0.118666594236
tl-en,ar-en,-0.0964568129289
tr-en,ar-en,-0.234444813803
uk-en,ar-en,-0.0987820389418
ur-en,ar-en,-0.35900405816
uz-en,ar-en,-0.276082139272
vi-en,ar-en,-0.0889096752768
xh-en,ar-en,-0.217931834195
yi-en,ar-en,-0.173253543809
yo-en,ar-en,-0.168422973618
zh-en,ar-en,-0.157970451358
zu-en,ar-en,-0.210677123391
af-en,uz-en,-0.873180926298
am-en,uz-en,-0.846779694816
ar-en,uz-en,-0.924234742725
az-en,uz-en,-0.197170890187
be-en,uz-en,-0.778515571388
bg-en,uz-en,-0.64460131349
bn-en,uz-en,-0.892369822261
bs-en,uz-en,-0.867994688902
ca-en,uz-en,-0.899169053578
ceb-en,uz-en,-0.853425269716
co-en,uz-en,-0.930319559429
cs-en,uz-en,-0.851452953227
cy-en,uz-en,-0.927443078946
da-en,uz-en,-0.894217994184
de-en,uz-en,-0.838865972378
el-en,uz-en,-0.716824625336
eo-en,uz-en,-0.919343197659
es-en,uz-en,-0.892793707793
et-en,uz-en,-0.883947769173
eu-en,uz-en,-0.876497486374
fa-en,uz-en,-0.625519839494
fi-en,uz-en,-0.901646757436
fr-en,uz-en,-0.892185752074
fy-en,uz-en,-0.899678304397
ga-en,uz-en,-0.920495833855
gd-en,uz-en,-0.916031447779
gl-en,uz-en,-0.895571025297
gu-en,uz-en,-0.899786552828
ha-en,uz-en,-0.852480805898
haw-en,uz-en,-0.829307519256
hi-en,uz-en,-0.71332868414
hmn-en,uz-en,-0.815947957979
hr-en,uz-en,-0.87518907317
ht-en,uz-en,-0.915107341133
hu-en,uz-en,-0.869347136308
hy-en,uz-en,-0.7283714841
id-en,uz-en,-0.777711786122
ig-en,uz-en,-0.816471777211
is-en,uz-en,-0.886225941721
it-en,uz-en,-0.912055062725
iw-en,uz-en,-0.838229567342
ja-en,uz-en,-0.547111130514
jw-en,uz-en,-0.853271703766
ka-en,uz-en,-0.753022870168
kk-en,uz-en,-0.48107587476
km-en,uz-en,-0.783889285829
kn-en,uz-en,-0.933381978359
ko-en,uz-en,-0.704122235776
ku-en,uz-en,-0.851906396282
ky-en,uz-en,-0.485931229369
lb-en,uz-en,-0.913257949224
lo-en,uz-en,-0.797477417368
lt-en,uz-en,-0.891225683762
lv-en,uz-en,-0.893172812004
mg-en,uz-en,-0.812791097892
mi-en,uz-en,-0.834430123532
mk-en,uz-en,-0.688653857142
ml-en,uz-en,-0.931475771015
mn-en,uz-en,-0.710347273367
mr-en,uz-en,-1.0
ms-en,uz-en,-0.765374438455
mt-en,uz-en,-0.891495146854
my-en,uz-en,-0.781532477276
ne-en,uz-en,-0.817440989693
nl-en,uz-en,-0.871633077448
no-en,uz-en,-0.883857454645
ny-en,uz-en,-0.794903965512
pa-en,uz-en,-1.0
pl-en,uz-en,-0.888259769454
ps-en,uz-en,-0.851783585761
pt-en,uz-en,-0.889219367641
ro-en,uz-en,-0.897197344636
ru-en,uz-en,-0.511249647275
sd-en,uz-en,-1.0
si-en,uz-en,-0.847783256712
sk-en,uz-en,-0.857600480785
sl-en,uz-en,-0.877576146563
sm-en,uz-en,-0.879992288269
sn-en,uz-en,-0.866227275112
so-en,uz-en,-0.885476995046
sq-en,uz-en,-0.859834435279
sr-en,uz-en,-0.797993129262
st-en,uz-en,-0.869158383939
su-en,uz-en,-0.843452187682
sv-en,uz-en,-0.904428191822
sw-en,uz-en,-0.886035421906
ta-en,uz-en,-0.926395423633
te-en,uz-en,-0.873170518507
tg-en,uz-en,-0.713846846954
th-en,uz-en,-0.71374862705
tl-en,uz-en,-0.867012430511
tr-en,uz-en,-0.159437656773
uk-en,uz-en,-0.740775718572
ur-en,uz-en,-1.0
uz-en,uz-en,-0.0165321342031
vi-en,uz-en,-0.764070705965
xh-en,uz-en,-0.930364966333
yi-en,uz-en,-0.843017568753
yo-en,uz-en,-0.866446777348
zh-en,uz-en,-0.581054101068
zu-en,uz-en,-0.903084996632
af-en,es-en,-0.3572744324
am-en,es-en,-0.734957297424
ar-en,es-en,-0.418308587678
az-en,es-en,-0.760270867189
be-en,es-en,-0.56556884823
bg-en,es-en,-0.263651700381
bn-en,es-en,-0.89628696101
bs-en,es-en,-0.597612173547
ca-en,es-en,-0.239139320516
ceb-en,es-en,-0.633478062753
co-en,es-en,-0.550368536697
cs-en,es-en,-0.561199016329
cy-en,es-en,-0.727472817711
da-en,es-en,-0.417123408577
de-en,es-en,-0.29474752995
el-en,es-en,-0.327802907549
eo-en,es-en,-0.732511466981
es-en,es-en,0.0695236555537
et-en,es-en,-0.842729972269
eu-en,es-en,-0.797828520982
fa-en,es-en,-0.483503974582
fi-en,es-en,-0.782456237773
fr-en,es-en,-0.23209678666
fy-en,es-en,-0.731509655946
ga-en,es-en,-0.794015098837
gd-en,es-en,-0.857952842882
gl-en,es-en,-0.132395562505
gu-en,es-en,-0.899336299858
ha-en,es-en,-0.832941872575
haw-en,es-en,-0.775963882211
hi-en,es-en,-0.618449982081
hmn-en,es-en,-0.525797487467
hr-en,es-en,-0.605511823104
ht-en,es-en,-0.730170990413
hu-en,es-en,-0.781469798206
hy-en,es-en,-0.74242799844
id-en,es-en,-0.509340372002
ig-en,es-en,-0.641950235991
is-en,es-en,-0.531444429472
it-en,es-en,-0.341852325118
iw-en,es-en,-0.65520082379
ja-en,es-en,-0.469749496701
jw-en,es-en,-0.757870690759
ka-en,es-en,-0.755507022671
kk-en,es-en,-0.675512564338
km-en,es-en,-0.543651577545
kn-en,es-en,-0.938934958288
ko-en,es-en,-0.497499636833
ku-en,es-en,-0.828226737234
ky-en,es-en,-0.783206241772
lb-en,es-en,-0.523298702397
lo-en,es-en,-0.650580894741
lt-en,es-en,-0.818255146057
lv-en,es-en,-0.832768755496
mg-en,es-en,-0.75903842608
mi-en,es-en,-0.74323759145
mk-en,es-en,-0.26788812381
ml-en,es-en,-0.980956412389
mn-en,es-en,-0.718696777668
mr-en,es-en,-0.925760268333
ms-en,es-en,-0.521759314405
mt-en,es-en,-0.510499911864
my-en,es-en,-0.836913313252
ne-en,es-en,-0.820860900031
nl-en,es-en,-0.302545084265
no-en,es-en,-0.407328133537
ny-en,es-en,-0.721901294351
pa-en,es-en,-0.923093580472
pl-en,es-en,-0.600345500523
ps-en,es-en,-0.802313850036
pt-en,es-en,-0.233227029119
ro-en,es-en,-0.49604688545
ru-en,es-en,-0.28522624572
sd-en,es-en,-0.933091209758
si-en,es-en,-0.960881384865
sk-en,es-en,-0.591888730052
sl-en,es-en,-0.665157924124
sm-en,es-en,-0.831695005617
sn-en,es-en,-0.853446558847
so-en,es-en,-0.759215289178
sq-en,es-en,-0.516356344506
sr-en,es-en,-0.621774029222
st-en,es-en,-0.842755194314
su-en,es-en,-0.732391642506
sv-en,es-en,-0.456164896345
sw-en,es-en,-0.796304949465
ta-en,es-en,-0.949782614746
te-en,es-en,-0.888356925559
tg-en,es-en,-0.702249984747
th-en,es-en,-0.424911712449
tl-en,es-en,-0.611656055579
tr-en,es-en,-0.785666187964
uk-en,es-en,-0.56960575601
ur-en,es-en,-0.692262741749
uz-en,es-en,-0.810180655632
vi-en,es-en,-0.466222631254
xh-en,es-en,-0.756858406085
yi-en,es-en,-0.492260061561
yo-en,es-en,-0.781935175598
zh-en,es-en,-0.35787388835
zu-en,es-en,-0.685221677735
